,,15.04,16.04,17.04,18.04,19.04,20.04,21.04,22.04,23.04,24.04,25.04,26.04,27.04,28.04,29.04,30.04,01.05,02.05,03.05,04.05,05.05,06.05,07.05,08.05,09.05,10.05,11.05,12.05,13.05,14.05,15.05,16.05,17.05,18.05,19.05,20.05,21.05,22.05,23.05,24.05,25.05,26.05,27.05,28.05,29.05,30.05,31.05,01.06,02.06,03.06,04.06,05.06,06.06,07.06,08.06,09.06,10.06,11.06,12.06,13.06,14.06,15.06,16.06,17.06,18.06,19.06,20.06,21.06,22.06,23.06,24.06,25.06,26.06,27.06,28.06,29.06,30.06,01.07,02.07,03.07,04.07,05.07,06.07,07.07,08.07,09.07,10.07,11.07,12.07,13.07,14.07,15.07,16.07,17.07,18.07,19.07,20.07,21.07,22.07,23.07,24.07,25.07,26.07,27.07,28.07,29.07,30.07,31.07,01.08,02.08,03.08,04.08,05.08,06.08,07.08,08.08,09.08,10.08,11.08,12.08,13.08,14.08,15.08,16.08,17.08,18.08,19.08,20.08,21.08,22.08,23.08,24.08,25.08,26.08,27.08,28.08,29.08,30.08,31.08,01.09,02.09,03.09,04.09,05.09,06.09,07.09,08.09,09.09,10.09,11.09,12.09,13.09,14.09,15.09,16.09,17.09,18.09,19.09,20.09,21.09,22.09,23.09,24.09,25.09,26.09,27.09,28.09,29.09,30.09,01.10,02.10,03.10,04.10,05.10,06.10,07.10,08.10,09.10,10.10,11.10,12.10,13.10,14.10,15.10,16.10,17.10,18.10,19.10,20.10,21.10,22.10,23.10,24.10,25.10,26.10,27.10,28.10,29.10,30.10,31.10,01.11,02.11,03.11,04.11,05.11,06.11,07.11,08.11,09.11,10.11,11.11,12.11,13.11,14.11,15.11,16.11,17.11,18.11,19.11,20.11,21.11,22.11,23.11,24.11,25.11,26.11,27.11,28.11,29.11,30.11,01.12,02.12,03.12,04.12
Occupancy,,100%,100%,100%,100%,100%,100%,83%,100%,100%,92%,100%,93%,92%,100%,92%,83%,100%,100%,100%,78%,94%,94%,83%,100%,100%,94%,67%,89%,72%,89%,83%,100%,100%,90%,89%,100%,89%,88%,88%,88%,87%,72%,72%,86%,86%,87%,87%,61%,72%,72%,76%,94%,100%,100%,100%,89%,78%,94%,89%,78%,89%,72%,94%,78%,83%,94%,89%,83%,50%,56%,94%,89%,72%,89%,94%,89%,78%,89%,100%,94%,100%,100%,100%,94%,100%,100%,94%,100%,100%,72%,78%,89%,89%,89%,89%,94%,94%,78%,94%,94%,89%,100%,100%,83%,84%,100%,100%,78%,100%,100%,78%,100%,100%,100%,100%,94%,100%,94%,89%,100%,89%,89%,100%,100%,78%,83%,100%,94%,100%,100%,100%,56%,89%,94%,94%,89%,89%,100%,44%,50%,61%,61%,67%,78%,94%,83%,83%,89%,94%,67%,100%,100%,56%,50%,89%,67%,83%,89%,100%,56%,83%,78%,83%,72%,72%,100%,78%,94%,89%,83%,100%,100%,100%,72%,64%,75%,67%,56%,75%,75%,64%,83%,92%,78%,67%,81%,64%,47%,72%,75%,67%,67%,67%,100%,83%,100%,61%,61%,39%,100%,100%,28%,17%,44%,44%,39%,67%,83%,33%,39%,56%,61%,50%,78%,78%,72%,33%,33%,39%,28%,50%,78%,44%,56%,56%,56%,50%,50%,50%,67%,,,,
Number of arrivals,,2,3,3,15,4,8,14,6,4,5,6,2,3,6,4,10,10,8,2,5,5,1,4,6,7,4,1,6,0,4,2,9,5,6,4,5,1,1,4,5,1,3,2,3,8,2,11,3,5,2,4,5,4,3,5,6,2,4,2,2,4,3,9,2,5,6,4,0,1,1,7,5,2,6,7,5,9,2,3,3,15,4,10,9,10,10,9,15,10,10,10,5,6,3,7,3,4,4,6,6,5,8,3,4,4,7,5,13,10,5,3,6,1,3,8,8,7,7,5,4,4,4,8,5,1,5,7,6,5,5,4,1,8,7,4,7,7,6,7,2,3,3,4,8,9,7,5,5,6,2,9,6,8,0,8,4,8,7,8,1,6,3,6,5,5,6,6,5,3,4,8,6,6,5,5,5,5,5,5,11,8,7,6,5,8,7,11,4,6,7,6,6,7,9,7,10,6,6,3,16,7,4,1,5,6,2,10,12,4,1,5,3,1,8,4,6,2,2,3,1,5,10,4,5,2,3,2,3,14,8,,,,
Number of occupied apartments,,18,18,18,18,18,18,15,18,18,16,18,17,15,18,17,15,18,18,18,14,17,17,15,18,18,17,12,16,13,16,15,18,18,15,13,18,13,13,14,18,11,12,13,14,18,18,18,7,16,13,16,17,18,18,18,16,14,17,16,14,16,13,17,14,16,17,16,15,9,10,17,16,13,16,17,16,14,16,18,17,18,18,18,17,18,18,17,18,18,13,13,16,16,16,16,17,17,14,17,17,16,18,18,15,17,18,18,14,18,18,14,18,18,18,18,17,18,17,16,18,16,16,16,18,14,15,18,17,18,18,18,9,16,17,17,16,16,18,8,9,11,11,12,14,17,15,15,16,17,12,18,18,10,9,16,13,15,16,18,10,15,15,15,13,13,18,14,17,17,15,18,18,18,13,10,13,15,10,10,17,10,13,17,16,12,12,17,6,11,16,12,12,12,18,15,18,11,7,11,18,18,5,3,8,8,7,12,15,6,7,10,11,9,14,14,13,6,6,7,5,9,14,8,10,10,10,9,9,18,11,,,,
Number of guests,,41,46,57,80,57,74,80,47,54,57,48,48,46,46,58,56,58,72,59,68,42,41,49,50,59,52,39,37,43,35,44,62,66,68,42,38,40,30,42,50,48,29,31,41,64,55,69,51,22,27,33,47,41,47,54,50,25,27,32,27,37,44,46,35,35,40,44,36,35,12,24,40,33,37,52,37,31,33,32,41,65,56,77,67,69,71,65,80,74,64,40,50,43,43,56,43,52,53,39,51,58,63,52,51,43,56,49,59,55,57,52,47,45,46,64,60,54,60,55,55,63,58,53,55,48,54,58,60,57,56,52,43,37,51,44,55,57,51,50,15,19,25,29,39,52,57,39,35,40,34,42,53,49,18,31,36,34,46,59,47,32,35,39,34,37,45,51,34,37,40,48,55,58,62,40,30,37,50,42,49,66,50,49,54,60,46,54,52,27,38,45,42,51,52,64,62,60,43,38,59,66,59,16,18,27,18,35,54,40,9,19,19,17,33,41,46,13,11,13,11,16,38,36,19,15,16,16,18,52,55,,,,
Electricity,,,,,,,,,,,,,,,,,,,,,,,,,,,,,,,,,,,,,,,,,,,,,,,,,,,,,,,,,,,,,,,,,,,,,,,,,,,,,,,,,,,,,,,,,,,,,,,,,,,,,,,,,,,,,,,,,,,,,,,,,,,,,,,,,,,,,,,,,,,,,,,,,,,,,,,,,,,,,,,,,,,,,,,,,,,,,,,,,,,,,,,,,,,,,,,,,,,,,,,,,,,,,,,,,,,,,,,,,,,,,,,,,,,,,,,,,,,
Meter reading No. 1,290316,290480,290636,290873,290957,291157,291308,291437,291583,291743,291889,292042,292202,292377,292532,292701,292860,293008,293135,293263,293435,293606,293765,293925,294152,294246,294406,294562,294745,294882,295016,295164,295300,295433,295616,295732,295890,296028,296163,296323,296504,296593,296730,296836,296982,297116,297226,297324,297438,297543,297645,297732,297847,297955,298084,298206,298333,298422,298565,298697,298793,298882,298990,299152,299283,299418,299542,299656,299778,299892,299999,300120,300223,300313,300465,300542,300664,300807,300961,301062,301156,301305,301420,301596,301738,301856,302084,302190,302336,302490,302673,302773,302951,303030,303160,303261,303419,303593,303674,303805,303986,304157,304247,304369,304534,304696,304825,304962,305137,305196,305373,305526,305685,305828,305983,306123,306276,306396,306569,306734,306887,307002,307179,307272,307429,307542,307712,307880,308010,308163,308267,308368,308543,308786,308892,309020,309168,309331,309485,309554,309657,309784,309886,310001,310129,310236,310360,310469,310609,310755,310877,311002,311132,311269,311400,311506,311609,311756,311883,312017,312151,312268,312414,312544,312672,312811,313090,313231,313529,313666,313789,313942,314087,314182,314298,314389,314435,314495,314642,314788,314962,315114,315255,315579,315666,315736,315896,316050,316193,316339,316499,316634,316755,316926,317106,317290,317461,317524,317622,317677,185,366,468,559,689,859,1020,1180,1360,1490,1621,1757,1919,2079,2270,2469,2678,2814,2952,3081,3202,3342,3492,3600,3736,3885,4002,4165,4345,4469,4604,,,,
Consumption,,164,156,237,84,200,151,129,146,160,146,153,160,175,155,169,159,148,127,128,172,171,159,160,227,94,160,156,183,137,134,148,136,133,183,116,158,138,135,160,181,89,137,106,146,134,110,98,114,105,102,87,115,108,129,122,127,89,143,132,96,89,108,162,131,135,124,114,122,114,107,121,103,90,152,77,122,143,154,101,94,149,115,176,142,118,228,106,146,154,183,100,178,79,130,101,158,174,81,131,181,171,90,122,165,162,129,137,175,59,177,153,159,143,155,140,153,120,173,165,153,115,177,93,157,113,170,168,130,153,104,101,175,243,106,128,148,163,154,69,103,127,102,115,128,107,124,109,140,146,122,125,130,137,131,106,103,147,127,134,134,117,146,130,128,139,279,141,298,137,123,153,145,95,116,91,46,60,147,146,174,152,141,324,87,70,160,154,143,146,160,135,121,171,180,184,171,63,98,55,185,181,102,91,130,170,161,160,180,130,131,136,162,160,191,199,209,136,138,129,121,140,150,108,136,149,117,163,180,124,135,-4604,0,,
Meter reading No. 2,1714,1721,1735,1745,1747,1755,1761,1765,1781,1791,1800,1809,1822,1836,1854,1873,1890,1901,1928,1940,1959,1979,1999,2016,2040,2046,2051,2056,2066,2072,2080,2089,2096,2101,2110,2117,2122,2133,2143,2149,2157,2161,2174,2179,2188,2196,2203,2209,2217,2225,2234,2242,2251,2259,2265,2271,2279,2285,2295,2301,2311,2317,2325,2335,2342,2349,2358,2364,2372,2379,2386,2392,2400,2407,2411,2423,2428,2436,2444,2449,2456,2462,2470,2474,2484,2491,2500,2520,2523,2525,2527,2533,2545,2550,2558,2567,2574,2582,2587,2595,2602,2609,2615,2622,2628,2636,2642,2648,2658,2662,2668,2672,2677,2682,2687,2691,2696,2703,2708,2715,2722,2731,2738,2743,2751,2756,2763,2769,2776,2782,2790,2792,2797,2807,2811,2817,2823,2827,2831,2834,2839,2847,2853,2863,2866,2870,2873,2886,2890,2894,2898,2906,2911,2914,2920,2927,2933,2939,2945,2949,2953,2962,2965,2973,2980,2989,2998,3003,3015,3020,3028,3034,3040,3047,3051,3057,3062,3065,3074,3081,3086,3092,3100,3116,3120,3124,3134,3138,3145,3151,3159,3165,3168,3175,3180,3187,3195,3200,3210,3220,3226,3235,3241,3243,3253,3263,3266,3270,3275,3277,3281,3287,3296,3302,3310,3320,3327,3334,3345,3351,3356,3363,3370,3376,3381,3388,3392,3395,3401,3405,3409,,,,
Office meter,785,786,794,797,798,800,801,803,814,818,822,826,834,845,859,872,884,890,912,920,934,948,962,973,990,994,995,996,998,1000,1001,1005,1008,1009,1012,1013,1015,1019,1021,1023,1025,1026,1029,1030,1032,1034,1036,1037,1038,1040,1043,1044,1046,1047,1049,1050,1052,1054,1056,1057,1061,1062,1064,1065,1066,1067,1069,1071,1072,1073,1074,1075,1075,1078,1079,1080,1082,1084,1085,1087,1090,1093,1095,1096,1100,1102,1106,1110,1111,1112,1113,1114,1116,1117,1118,1121,1122,1124,1125,1126,1127,1129,1130,1131,1133,1135,1136,1138,1140,1141,1142,1143,1144,1146,1147,1148,1149,1151,1152,1154,1156,1158,1161,1163,1165,1167,1168,1170,1173,1175,1178,1179,1181,1183,1185,1187,1189,1190,1191,1192,1193,1195,1196,1198,1199,1200,1201,1206,1208,1210,1211,1214,1216,1217,1219,1221,1222,1224,1225,1226,1227,1231,1232,1235,1239,1243,1246,1247,1250,1251,1254,1256,1259,1260,1261,1264,1268,1270,1275,1279,1282,1284,1288,1291,1294,1298,1302,1305,1308,1311,1314,1316,1320,1324,1326,1329,1331,1333,1334,1340,1342,1344,1345,1347,1350,1354,1355,1357,1358,1359,1360,1362,1364,1366,1370,1375,1378,1381,1384,1388,1392,1395,1397,1399,1401,1402,1403,1404,1405,1406,1408,,,,
Office consumption,,1,8,3,1,2,1,2,11,4,4,4,8,11,14,13,12,6,22,8,14,14,14,11,17,4,1,1,2,2,1,4,3,1,3,1,2,4,2,2,2,1,3,1,2,2,2,1,1,2,3,1,2,1,2,1,2,2,2,1,4,1,2,1,1,1,2,2,1,1,1,1,0,3,1,1,2,2,1,2,3,3,2,1,4,2,4,4,1,1,1,1,2,1,1,3,1,2,1,1,1,2,1,1,2,2,1,2,2,1,1,1,1,2,1,1,1,2,1,2,2,2,3,2,2,2,1,2,3,2,3,1,2,2,2,2,2,1,1,1,1,2,1,2,1,1,1,5,2,2,1,3,2,1,2,2,1,2,1,1,1,4,1,3,4,4,3,1,3,1,3,2,3,1,1,3,4,2,5,4,3,2,4,3,3,4,4,3,3,3,3,2,4,4,2,3,2,2,1,6,2,2,1,2,3,4,1,2,1,1,1,2,2,2,4,5,3,3,3,4,4,3,2,2,2,1,1,1,1,1,2,-1408,0,0,0
Tattoo salon meter,924,930,936,943,944,950,955,957,962,968,973,978,983,986,990,996,1000,1005,1010,1014,1019,1025,1031,1038,1041,1049,1051,1055,1063,1067,1073,1079,1083,1087,1093,1098,1104,1111,1116,1120,1126,1138,1139,1143,1150,1156,1161,1166,1173,1179,1186,1193,1200,1207,1213,1215,1222,1225,1233,1238,1244,1249,1255,1263,1269,1275,1282,1286,1289,1296,1306,1311,1317,1323,1331,1336,1340,1346,1352,1356,1360,1363,1369,1372,1377,1382,1388,1402,1404,1405,1407,1412,1422,1426,1433,1440,1445,1452,1456,1461,1467,1473,1478,1484,1488,1494,1499,1503,1510,1514,1518,1521,1525,1531,1532,1536,1539,1545,1548,1554,1558,1565,1570,1573,1579,1581,1587,1591,1595,1599,1605,1606,1611,1616,1618,1622,1626,1629,1632,1634,1638,1644,1649,1657,1660,1662,1664,1672,1675,1677,1679,1685,1687,1689,1693,1698,1703,1709,1711,1714,1717,1722,1725,1730,1733,1738,1743,1747,1757,1761,1765,1769,1771,1777,1780,1783,1784,1786,1790,1793,1795,1799,1804,1808,1813,1817,1821,1823,1827,1831,1835,1839,1842,1847,1850,1854,1860,,1866,1871,1875,1878,1883,1886,1888,1900,1902,1904,1909,1910,1912,1915,1922,1926,1930,1935,1939,1943,1948,1950,1954,1957,1960,1965,1971,1972,1976,1981,1985,1988,1991,,,,
Tattoo salon consumption,,6,6,7,1,6,5,2,5,6,5,5,5,3,4,6,4,5,5,4,5,6,6,7,3,8,2,4,8,4,6,6,4,4,6,5,6,7,5,4,6,12,1,4,7,6,5,5,7,6,7,7,7,7,6,2,7,3,8,5,6,5,6,8,6,6,7,4,3,7,10,5,6,6,8,5,4,6,6,4,4,3,6,3,5,5,6,14,2,1,2,5,10,4,7,7,5,7,4,5,6,6,5,6,4,6,5,4,7,4,4,3,4,6,1,4,3,6,3,6,4,7,5,3,6,2,6,4,4,4,6,1,5,5,2,4,4,3,3,2,4,6,5,8,3,2,2,8,3,2,2,6,2,2,4,5,5,6,2,3,3,5,3,5,3,5,5,4,10,4,4,4,2,6,3,3,1,2,4,3,2,4,5,4,5,4,4,2,4,4,4,4,3,5,3,4,6,-1860,1866,5,4,3,5,3,2,12,2,2,5,1,2,3,7,4,4,5,4,4,5,2,4,3,3,5,6,1,4,5,4,3,3,-1991,0,0,0
Consumption,,7,14,10,2,8,6,4,16,10,9,9,13,14,18,19,17,11,27,12,19,20,20,17,24,6,5,5,10,6,8,9,7,5,9,7,5,11,10,6,8,4,13,5,9,8,7,6,8,8,9,8,9,8,6,6,8,6,10,6,10,6,8,10,7,7,9,6,8,7,7,6,8,7,4,12,5,8,8,5,7,6,8,4,10,7,9,20,3,2,2,6,12,5,8,9,7,8,5,8,7,7,6,7,6,8,6,6,10,4,6,4,5,5,5,4,5,7,5,7,7,9,7,5,8,5,7,6,7,6,8,2,5,10,4,6,6,4,4,3,5,8,6,10,3,4,3,13,4,4,4,8,5,3,6,7,6,6,6,4,4,9,3,8,7,9,9,5,12,5,8,6,6,7,4,6,5,3,9,7,5,6,8,16,4,4,10,4,7,6,8,6,3,7,5,7,8,5,10,10,6,9,6,2,10,10,3,4,5,2,4,6,9,6,8,10,7,7,11,6,5,7,7,6,5,7,4,3,6,4,4,-3409,0,0,0
Total consumption,,171,170,247,86,208,157,133,162,170,155,162,173,189,173,188,176,159,154,140,191,191,179,177,251,100,165,161,193,143,142,157,143,138,192,123,163,149,145,166,189,93,150,111,155,142,117,104,122,113,111,95,124,116,135,128,135,95,153,138,106,95,116,172,138,142,133,120,130,121,114,127,111,97,156,89,127,151,162,106,101,155,123,180,152,125,237,126,149,156,185,106,190,84,138,110,165,182,86,139,188,178,96,129,171,170,135,143,185,63,183,157,164,148,160,144,158,127,178,172,160,124,184,98,165,118,177,174,137,159,112,103,180,253,110,134,154,167,158,72,108,135,108,125,131,111,127,122,144,150,126,133,135,140,137,113,109,153,133,138,138,126,149,138,135,148,288,146,310,142,131,159,151,102,120,97,51,63,156,153,179,158,149,340,91,74,170,158,150,152,168,141,124,178,185,191,179,68,108,65,191,190,108,93,140,180,164,164,185,132,135,142,171,166,199,209,216,143,149,135,126,147,157,114,141,156,121,166,186,128,139,-8013,0,0,0
Comment,,,,,,,,,,,,,,,,,,,,,,,,,,,,,,,,,,,,,,,,,,,,,,,,,,,,,,,,,,,,,,,,,,,,,,,,,,,,,,,,,,,,,,,,,,,,,,,,,,,,,,,,,,,,,,,,,,,,,,,,,,,,,,,,,,,,,,,,,,,,,,,,,,,,,,,,,,,,,,,,,,,,,,,,,,,,,,,,,,,,,,,,,,,,,,,,,,,,,,,,,,,,,,,,,,,,,,,,,,,,,,,,,,,,,,,,,,,
,,,,,,,,,,,,,,,,,,,,,,,,,,,,,,,,,,,,,,,,,,,,,,,,,,,,,,,,,,,,,,,,,,,,,,,,,,,,,,,,,,,,,,,,,,,,,,,,,,,,,,,,,,,,,,,,,,,,,,,,,,,,,,,,,,,,,,,,,,,,,,,,,,,,,,,,,,,,,,,,,,,,,,,,,,,,,,,,,,,,,,,,,,,,,,,,,,,,,,,,,,,,,,,,,,,,,,,,,,,,,,,,,,,,,,,,,,,
Water,,,,,,,,,,,,,,,,,,,,,,,,,,,,,,,,,,,,,,,,,,,,,,,,,,,,,,,,,,,,,,,,,,,,,,,,,,,,,,,,,,,,,,,,,,,,,,,,,,,,,,,,,,,,,,,,,,,,,,,,,,,,,,,,,,,,,,,,,,,,,,,,,,,,,,,,,,,,,,,,,,,,,,,,,,,,,,,,,,,,,,,,,,,,,,,,,,,,,,,,,,,,,,,,,,,,,,,,,,,,,,,,,,,,,,,,,,,
Meter readings,20319,20323,20327,20332,20335,20341,20347,20349,20352,20356,20360,20363,20368,20372,20376,20380,20383,20386,20389,20392,20396,20399,20402,20406,20409,20413,20416,20419,20423,20424,20427,20430,20433,20437,20440,20443,20454,20459,20481,20493,20510,20517,20524,20529,20530,20533,20537,20540,20541,20542,20543,20544,20546,20550,20552,20553,20559,20561,20563,20566,20568,20570,20571,20577,20578,20582,20584,20588,20590,20592,20594,20595,20598,20599,20601,20603,20605,20608,20610,20612,20613,20615,20617,20624,20628,20631,20634,20637,20641,20648,20653,20655,20659,,,,,,,,,,,,,,,,,20707,,,,,,,,20739,20743,20745,20751,20752,20754,20757,20760,20763,20767,20770,20771,20772,20774,20780,20784,20786,20790,20794,20797,20799,20801,20802,20804,20807,20809,20811,20814,20817,20820,20823,20825,20827,20830,20834,20836,20838,20840,20842,20843,20845,20846,20849,20853,20854,20858,20860,20862,20864,20867,20869,20871,20873,20875,20879,20883,20888,20893,20895,20898,20900,20901,20903,20908,20912,20914,20917,20920,20922,20926,20928,20932,20933,20936,20938,20942,,,,,,,,,,,,,,,,,,,,,,,,,,,,65,,,,,,,,,,80,,,,
Consumption,,4,4,5,3,6,6,2,3,4,4,3,5,4,4,4,3,3,3,3,4,3,3,4,3,4,3,3,4,1,3,3,3,4,3,3,11,5,22,12,17,7,7,5,1,3,4,3,1,1,1,1,2,4,2,1,6,2,2,3,2,2,1,6,1,4,2,4,2,2,2,1,3,1,2,2,2,3,2,2,1,2,2,7,4,3,3,3,4,7,5,2,4,-20659,0,0,0,0,0,0,0,0,0,0,0,0,0,0,0,20707,-20707,0,0,0,0,0,0,20739,4,2,6,1,2,3,3,3,4,3,1,1,2,6,4,2,4,4,3,2,2,1,2,3,2,2,3,3,3,3,2,2,3,4,2,2,2,2,1,2,1,3,4,1,4,2,2,2,3,2,2,2,2,4,4,5,5,2,3,2,1,2,5,4,2,3,3,2,4,2,4,1,3,2,4,-20942,0,0,0,,,,,,,,,,,,,,,,,,,,,,,,,,,,,,,,,,,,,,
Comment,,,,,,,,,,,,,,,,,,,,,,,,,,,,,,,,,,,,,,,,,,,,,,,,,,,,,,,,,,,,,,,,,,,,,,,,,,,,,,,,,,,,,,,,,,,,,,,,,,,,,,,,,,,,,,,,,,,,,,,,,,,,,,,,,,,,,,,,,,,,,,,,,,,,,,,,,,,,,,,,,,,,,,,,,,,,,,,,,,,,,,,,,,,,,,,,,,,,,,,,,,,,,,,,,,,,,,,,,,,,,,,,,,,,,,,,,,,
,,,,,,,,,,,,,,,,,,,,,,,,,,,,,,,,,,,,,,,,,,,,,,,,,,,,,,,,,,,,,,,,,,,,,,,,,,,,,,,,,,,,,,,,,,,,,,,,,,,,,,,,,,,,,,,,,,,,,,,,,,,,,,,,,,,,,,,,,,,,,,,,,,,,,,,,,,,,,,,,,,,,,,,,,,,,,,,,,,,,,,,,,,,,,,,,,,,,,,,,,,,,,,,,,,,,,,,,,,,,,,,,,,,,,,,,,,,
Heating (GJ),,,,,,,,,,,,,,,,,,,,,,,,,,,,,,,,,,,,,,,,,,,,,,,,,,,,,,,,,,,,,,,,,,,,,,,,,,,,,,,,,,,,,,,,,,,,,,,,,,,,,,,,,,,,,,,,,,,,,,,,,,,,,,,,,,,,,,,,,,,,,,,,,,,,,,,,,,,,,,,,,,,,,,,,,,,,,,,,,,,,,,,,,,,,,,,,,,,,,,,,,,,,,,,,,,,,,,,,,,,,,,,,,,,,,,,,,,,
Total meter readings,1318,1319.76,1320.07,1320.8,1321.28,1322.1,1323.01,1323.51,1324.13,1324.88,1325.5,1326.6,1327.6,1328.8,1329.6,1330.39,1330.97,1331.38,1331.8,1332.24,1332.94,1333.77,1334.63,1335.55,1336.83,1337.22,1338.24,1338.94,1339.73,1340.34,1340.915,1341.694,1342.558,1343.386,1344.25,1344.9,1345.57,1346.174,1346.927,1347.676,1348.659,1349.306,1349.957,1350.536,1351.208,1351.745,1352.14,1352.78,1353.15,1353.63,1353.98,1354.25,1354.76,1355.25,1355.86,1356.54,1357.14,1357.52,1358.09,1358.41,1358.898,1359.2,1359.5,1359.92,1359.99,1360.45,1360.902,1361.38,1361.78,1362.13,1362.41,1362.8,1363.18,1363.5,1363.94,1364.2,1364.56,1364.86,1365.02,1365.58,1365.9,1366.43,1366.89,1367.11,1367.51,1367.84,1368.39,1368.79,1369.21,1369.57,1370.024,1370.33,1370.8,1371.1,1371.661,1371.933,1372.415,1372.92,1373.23,1373.6,1373.94,1374.44,1374.79,1375.2,1375.71,1376.17,1376.67,1377.06,1377.78,1378.09,1378.56,1379.09,1379.68,1380.17,1380.56,1380.998,1381.45,1381.85,1382.24,1382.656,1383.08,1383.92,1384.01,1384.21,1384.56,1384.93,1385.35,1385.81,1386.21,1386.6,1387.17,1387.21,1388.03,1388.81,1389.14,1389.53,1389.91,1390.35,1390.82,1391.08,1391.39,1391.76,1392.12,1392.47,1392.88,1393.39,1393.81,1394.78,1395.19,1395.59,1395.85,1396.41,1397.02,1397.56,1398.09,1398.69,1399.12,1399.84,1400.33,1400.77,1401.14,1401.82,1402.23,1403,1403.864,1404.71,1406.21,1407.02,1409.18,1410.29,1411.56,1412.83,1413.97,1414.61,1415.39,1415.89,1416,1416.43,1417.12,1417.84,1418.62,1419.23,1420.22,1421.23,1422.18,1423.12,1424.24,1425.54,1426.95,1428.26,1429.44,1430.5,1431.54,1432.68,1433.73,1434.97,1436.32,1437.55,1438.83,1440.029,1441.64,1443.27,1444.5,1445.78,1447.01,1448.59,1449.56,1450.78,1451.65,1452.06,1453.06,1454.24,1454.48,1455.01,1456.85,1461.03,1462.29,1463.84,1465.39,1466.84,1467.18,1468.28,1469.55,1470.91,1472.18,1474.585,1477.085,1479.14,1481.13,1484.19,1487.66,,,,
Total consumption,,1.76,0.31,0.73,0.48,0.82,0.91,0.5,0.62,0.75,0.62,1.1,1,1.2,0.8,0.79,0.58,0.41,0.42,0.44,0.7,0.83,0.86,0.92,1.28,0.39,1.02,0.7,0.79,0.61,0.575,0.779,0.864,0.828,0.864,0.65,0.67,0.604,0.753,0.749,0.983,0.647,0.651,0.579,0.672,0.537,0.395,0.64,0.37,0.48,0.35,0.27,0.51,0.49,0.61,0.68,0.6,0.38,0.57,0.32,0.488,0.302,0.3,0.42,0.07,0.46,0.452,0.478,0.4,0.35,0.28,0.39,0.38,0.32,0.44,0.26,0.36,0.3,0.16,0.56,0.32,0.53,0.46,0.22,0.4,0.33,0.55,0.4,0.42,0.36,0.454,0.306,0.47,0.3,0.561,0.272,0.482,0.505,0.31,0.37,0.34,0.5,0.35,0.41,0.51,0.46,0.5,0.39,0.72,0.31,0.47,0.53,0.59,0.49,0.39,0.438,0.452,0.4,0.39,0.416,0.424,0.84,0.09,0.2,0.35,0.37,0.42,0.46,0.4,0.39,0.57,0.04,0.82,0.78,0.33,0.39,0.38,0.44,0.47,0.26,0.31,0.37,0.36,0.35,0.41,0.51,0.42,0.97,0.41,0.4,0.26,0.56,0.61,0.54,0.53,0.6,0.43,0.72,0.49,0.44,0.37,0.68,0.41,0.77,0.864,0.846,1.5,0.81,2.16,1.11,1.27,1.27,1.14,0.64,0.78,0.5,0.11,0.43,0.69,0.72,0.78,0.61,0.99,1.01,0.95,0.94,1.12,1.3,1.41,1.31,1.18,1.06,1.04,1.14,1.05,1.24,1.35,1.23,1.28,1.199,1.611,1.63,1.23,1.28,1.23,1.58,0.97,1.22,0.87,0.41,1,1.18,0.24,0.53,1.84,4.18,1.26,1.55,1.55,1.45,0.34,1.1,1.27,1.36,1.27,2.405,2.5,2.055,1.99,3.06,3.47,-1487.66,0,,
Hot water meter readings,,,,,,,,,,,,,,,,,,,1766.5,1767.008,1767.625,1768.585,1769.608,1770.495,1772.811,1773.882,1774.5,1775.1,1775.68,1776.205,1776.934,1777.975,1779.034,1780.166,1780.862,1781.21,1781.535,1781.951,1782.207,1782.548,1783.201,1783.622,1784.214,1784.709,1785.191,1785.661,1786.501,1787.309,1787.94,1788.544,1788.978,1789.39,1790.187,1791.006,1791.875,1792.743,1793.327,1793.679,1794.304,1794.689,1795.508,1795.849,1796.47,1797.301,1798.208,1799.05,1799.87,1800.91,1801.4,1801.85,1802.06,1802.65,1803.28,1803.667,1804.257,1804.456,1805.002,1805.262,1805.678,1806.172,1806.94,1807.65,1808.38,1809.256,1809.97,1810.63,1811.67,1812.22,1813.028,1813.822,1814.425,1815.033,1815.873,1816.338,1817.411,1817.822,1818.892,1819.78,1820.137,1820.8,1821.4,1822.4,1823.16,1823.9,1824.926,1825.838,1827.01,1827.89,1828.55,1829.28,1830.17,1831.43,1832.59,1833.667,1834.735,1835.473,1836.49,1837.12,1837.73,1838.43,1838.93,1839.62,1840.27,1840.92,1841.45,1842.029,1842.78,1843.66,1844.44,1845.18,1845.78,1846.29,1847.33,1848.25,1848.78,1849.51,1850.05,1850.84,1851.75,1852.05,1852.29,1852.68,1853.01,1853.96,1854.02,1854.67,1855.72,1856.654,1857.54,1858.32,1858.67,1858.98,1859.08,1859.51,1860.01,1860.58,1861.02,1861.59,1862.12,1862.74,1862.89,1863.93,1864.69,1865.39,1866.02,1866.54,1868.3,1868.84,1869.94,1871.12,1871.81,1872.31,1872.87,1873.02,1873.54,1873.94,1874.56,1875.02,1875.69,1876.22,1876.97,1877.86,1878.47,1879.45,1880.36,1881.13,1881.81,1882.67,1883.21,1883.95,1884.67,1885.18,1886.05,1886.92,1887.9,1888.6,1889.44,1890.54,1891.48,1891.98,1892.97,1893.67,1894.1,1894.98,1895.02,1895.68,1896.01,1896.44,1896.84,1897.01,1897.43,1897.81,1898.22,1898.84,1899.75,1900.73,1901.56,1902.02,1902.78,1903.32,1903.55,1903.72,1904.16,1904.65,1905.01,1905.25,1905.45,1905.98,1906.04,1906.71,1907.02,,,,
Hot water consumption (m³),,,,,,,,,,,,,,,,,,,,0.508,0.617,0.96,1.023,0.887,2.316,1.071,0.618,0.6,0.58,0.525,0.729,1.041,1.059,1.132,0.696,0.348,0.325,0.416,0.256,0.341,0.653,0.421,0.592,0.495,0.482,0.47,0.84,0.808,0.631,0.604,0.434,0.412,0.797,0.819,0.869,0.868,0.584,0.352,0.625,0.385,0.819,0.341,0.621,0.831,0.907,0.842,0.82,1.04,0.49,0.45,0.21,0.59,0.63,0.387,0.59,0.199,0.546,0.26,0.416,0.494,0.768,0.71,0.73,0.876,0.714,0.66,1.04,0.55,0.808,0.794,0.603,0.608,0.84,0.465,1.073,0.411,1.07,0.888,0.357,0.663,0.6,1,0.76,0.74,1.026,0.912,1.172,0.88,0.66,0.73,0.89,1.26,1.16,1.077,1.068,0.738,1.017,0.63,0.61,0.7,0.5,0.69,0.65,0.65,0.53,0.579,0.751,0.88,0.78,0.74,0.6,0.51,1.04,0.92,0.53,0.73,0.54,0.79,0.91,0.3,0.24,0.39,0.33,0.95,0.06,0.65,1.05,0.934,0.886,0.78,0.35,0.31,0.1,0.43,0.5,0.57,0.44,0.57,0.53,0.62,0.15,1.04,0.76,0.7,0.63,0.52,1.76,0.54,1.1,1.18,0.69,0.5,0.56,0.15,0.52,0.4,0.62,0.46,0.67,0.53,0.75,0.89,0.61,0.98,0.91,0.77,0.68,0.86,0.54,0.74,0.72,0.51,0.87,0.87,0.98,0.7,0.84,1.1,0.94,0.5,0.99,0.7,0.43,0.88,0.04,0.66,0.33,0.43,0.4,0.17,0.42,0.38,0.41,0.62,0.91,0.98,0.83,0.46,0.76,0.54,0.23,0.17,0.44,0.49,0.36,0.24,0.2,0.53,0.06,0.67,0.31,-1907.02,0,0,0
Hot water consumption converted to GJ,,,,,,,,,,,,,,,,,,,,0.02,0.03,0.04,0.04,0.04,0.10,0.04,0.03,0.03,0.02,0.02,0.03,0.04,0.04,0.05,0.03,0.01,0.01,0.02,0.01,0.01,0.03,0.02,0.02,0.02,0.02,0.02,0.04,0.03,0.03,0.03,0.02,0.02,0.03,0.03,0.04,0.04,0.02,0.01,0.03,0.02,0.03,0.01,0.03,0.03,0.04,0.04,0.03,0.04,0.02,0.02,0.01,0.02,0.03,0.02,0.02,0.01,0.02,0.01,0.02,0.02,0.03,0.03,0.03,0.04,0.03,0.03,0.04,0.02,0.03,0.03,0.03,0.03,0.04,0.02,0.04,0.02,0.04,0.04,0.01,0.03,0.03,0.04,0.03,0.03,0.04,0.04,0.05,0.04,0.03,0.03,0.04,0.05,0.05,0.05,0.04,0.03,0.04,0.03,0.03,0.03,0.02,0.03,0.03,0.03,0.02,0.02,0.03,0.04,0.03,0.03,0.03,0.02,0.04,0.04,0.02,0.03,0.02,0.03,0.04,0.01,0.01,0.02,0.01,0.04,0.00,0.03,0.04,0.04,0.04,0.03,0.01,0.01,0.00,0.02,0.02,0.02,0.02,0.02,0.02,0.03,0.01,0.04,0.03,0.03,0.03,0.02,0.07,0.02,0.05,0.05,0.03,0.02,0.02,0.01,0.02,0.02,0.03,0.02,0.03,0.02,0.03,0.04,0.03,0.04,0.04,0.03,0.03,0.04,0.02,0.03,0.03,0.02,0.04,0.04,0.04,0.03,0.04,0.05,0.04,0.02,0.04,0.03,0.02,0.04,0.00,0.03,0.01,0.02,0.02,0.01,0.02,0.02,0.02,0.03,0.04,0.04,0.03,0.02,0.03,0.02,0.01,0.01,0.02,0.02,0.02,0.01,0.01,0.02,0.00,0.03,0.01,,,,
Heating consumption (GJ),,,,,,,,,,,,,,,,,,,,0.42,0.67,0.79,0.82,0.88,1.18,0.35,0.99,0.67,0.77,0.59,0.54,0.74,0.82,0.78,0.83,0.64,0.66,0.59,0.74,0.73,0.96,0.63,0.63,0.56,0.65,0.52,0.36,0.61,0.34,0.45,0.33,0.25,0.48,0.46,0.57,0.64,0.58,0.37,0.54,0.30,0.45,0.29,0.27,0.39,0.03,0.42,0.42,0.43,0.38,0.33,0.27,0.37,0.35,0.30,0.42,0.25,0.34,0.29,0.14,0.54,0.29,0.50,0.43,0.18,0.37,0.30,0.51,0.38,0.39,0.33,0.43,0.28,0.43,0.28,0.52,0.25,0.44,0.47,0.30,0.34,0.31,0.46,0.32,0.38,0.47,0.42,0.45,0.35,0.69,0.28,0.43,0.48,0.54,0.44,0.35,0.41,0.41,0.37,0.36,0.39,0.40,0.81,0.06,0.17,0.33,0.35,0.39,0.42,0.37,0.36,0.54,0.02,0.78,0.74,0.31,0.36,0.36,0.41,0.43,0.25,0.30,0.35,0.35,0.31,0.41,0.48,0.38,0.93,0.37,0.37,0.25,0.55,0.61,0.52,0.51,0.58,0.41,0.70,0.47,0.41,0.36,0.64,0.38,0.74,0.84,0.82,1.43,0.79,2.11,1.06,1.24,1.25,1.12,0.63,0.76,0.48,0.08,0.41,0.66,0.70,0.75,0.57,0.96,0.97,0.91,0.91,1.09,1.26,1.39,1.28,1.15,1.04,1.00,1.10,1.01,1.21,1.31,1.18,1.24,1.18,1.57,1.60,1.21,1.24,1.23,1.55,0.96,1.20,0.85,0.40,0.98,1.16,0.22,0.50,1.80,4.14,1.23,1.53,1.52,1.43,0.33,1.09,1.25,1.34,1.25,2.39,2.49,2.03,1.99,3.03,3.46,,,,
Comment,,,,,,,,,,,,,,,,,,,,,,,,,,,,,,,,,,,,,,,,,,,,,,,,,,,,,,,,,,,,,,,,,,,,,,,,,,,,,,,,,,,,,,,,,,,,,,,,,,,,,,,,,,,,,,,,,,,,,,,,,,,,,,,,,,,,,,,,,,,,,,,,,,,,,,,,,,,,,,,,,,,,,,,,,,,,,,,,,,,,,,,,,,,,,,,,,,,,,,,,,,,,,,,,,,,,,,,,,,,,,,,,,,,,,,,,,,,
,,,,,,,,,,,,,,,,,,,,,,,,,,,,,,,,,,,,,,,,,,,,,,,,,,,,,,,,,,,,,,,,,,,,,,,,,,,,,,,,,,,,,,,,,,,,,,,,,,,,,,,,,,,,,,,,,,,,,,,,,,,,,,,,,,,,,,,,,,,,,,,,,,,,,,,,,,,,,,,,,,,,,,,,,,,,,,,,,,,,,,,,,,,,,,,,,,,,,,,,,,,,,,,,,,,,,,,,,,,,,,,,,,,,,,,,,,,
,,,,,,,,,,,,,,,,,,,,,,,,,,,,,,,,,,,,,,,,,,,,,,,,,,,,,,,,,,,,,,,,,,,,,,,,,,,,,,,,,,,,,,,,,,,,,,,,,,,,,,,,,,,,,,,,,,,,,,,,,,,,,,,,,,,,,,,,,,,,,,,,,,,,,,,,,,,,,,,,,,,,,,,,,,,,,,,,,,,,,,,,,,,,,,,,,,,,,,,,,,,,,,,,,,,,,,,,,,,,,,,,,,,,,,,,,,,
Laundry,,,,,,,,,,,,,,,,,,,,,,,,,,,,,,,,,,,,,,,,,,,,,,,,,,,,,,,,,,,,,,,,,,,,,,,,,,,,,,,,,,,,,,,,,,,,,,,,,,,,,,,,,,,,,,,,,,,,,,,,,,,,,,,,,,,,,,,,,,,,,,,,,,,,,,,,,,,,,,,,,,,,,,,,,,,,,,,,,,,,,,,,,,,,,,,,,,,,,,,,,,,,,,,,,,,,,,,,,,,,,,,,,,,,,,,,,,,
Meter readings,,,788,854,885.45,920.11,940.08,983.9,1021.6,1062,1095,1129,1157.9,1195.2,1233.6,1274.5,1313.7,1359.6,1382.5,1410,1460,1506.7,1553,1592.2,1647.7,1683,1700,1713,1749.6,1767.2,1792.4,1820,1840.5,1871.1,1931.2,1941.6,1987.8,2024.1,2051,2098.4,2122,2126.8,2154.1,2162.4,2202,2230.02,2248.07,2265.1,2270.5,2311.15,2332.3,2345.3,2391.7,2398.4,2417,2438,2471.1,2490.8,2542.6,2592.6,2615.6,2621,2663.55,2702.8,2746.7,2779.1,2818.8,2841.3,2880.8,2918.8,2955.6,2991.2,3017.8,3036.1,3089.1,3093.1,3125.6,3182.2,3220.3,3227.8,3245.5,3296.4,3351.02,3391.7,3438.8,3476.6,3587.5,3662.6,3701.2,3766.8,3840.7,3867.9,3932.7,3939,3971,3984.7,4045.4,4104.4,4123.4,4151.7,4229.5,4293.9,4307.1,4341.2,4397.2,4462.3,4501.2,4535.7,4595.2,4597.6,4664.9,4710.4,4749.5,4784.2,4829.3,4870.8,4923.9,4946.8,5009,5067,5105,5146,5178,5198,5245,5269,5325,5387,5424,5476,5552,5553,5593,5640,5683,5719,5765,5823,5856,5856,5886,5899,5913,5969,5975,5977,6006,6083,6100,6115,6133,6155,6180,6224,6252,6264,6298,6318,6344,6377,6415,6437,6485,6512,6528,6557,6597,6627,6699,6730,6744,6775,6795,6808,6848,6874,6899,6910,6942,6975,7017,7052,7073,7143,7155,7187,7237,7274,7309,7347,7389,7421,7455,7495,7515,7555,7560,7563,7632,7692,7715,7745,7790,7816,7866,7917,7930,7945,7965,8001,8039,8067,8111,8145,8178,8208,8234,8253,8277,8294,8343,8370,8395,8417,8438,8448,8466,8478,8490,8512,8538,,,,
Consumption,,,,66,31.45,34.66,19.97,43.82,37.7,40.4,33,34,28.9,37.3,38.4,40.9,39.2,45.9,22.9,27.5,50,46.7,46.3,39.2,55.5,35.3,17,13,36.6,17.6,25.2,27.6,20.5,30.6,60.1,10.4,46.2,36.3,26.9,47.4,23.6,4.8,27.3,8.3,39.6,28.02,18.05,17.03,5.4,40.65,21.15,13,46.4,6.7,18.6,21,33.1,19.7,51.8,50,23,5.4,42.55,39.25,43.9,32.4,39.7,22.5,39.5,38,36.8,35.6,26.6,18.3,53,4,32.5,56.6,38.1,7.5,17.7,50.9,54.62,40.68,47.1,37.8,110.9,75.1,38.6,65.6,73.9,27.2,64.8,6.3,32,13.7,60.7,59,19,28.3,77.8,64.4,13.2,34.1,56,65.1,38.9,34.5,59.5,2.4,67.3,45.5,39.1,34.7,45.1,41.5,53.1,22.9,62.2,58,38,41,32,20,47,24,56,62,37,52,76,1,40,47,43,36,46,58,33,0,30,13,14,56,6,2,29,77,17,15,18,22,25,44,28,12,34,20,26,33,38,22,48,27,16,29,40,30,72,31,14,31,20,13,40,26,25,11,32,33,42,35,21,70,12,32,50,37,35,38,42,32,34,40,20,40,5,3,69,60,23,30,45,26,50,51,13,15,20,36,38,28,44,34,33,30,26,19,24,17,49,27,25,22,21,10,18,12,12,22,26,,,,
Number of washes,,,3,4,3,3,1,5,4,2,6,4,2,5,4,6,3,5,3,3,6,4,4,5,2,2,5,4,3,1,2,2,3,3,6,3,3,3,2,1,3,2,2,2,2,2,2,2,0,3,3,2,4,0,1,3,2,3,5,5,3,1,4,4,4,3,4,3,4,3,3,3,3,3,3,0,4,3,2,2,2,4,3,4,4,5,7,7,8,5,4,5,3,4,3,3,5,4,5,4,4,5,5,3,2,4,5,6,5,3,5,5,5,5,5,5,6,7,8,6,4,4,3,2,3,3,6,6,5,4,6,5,6,5,4,7,6,7,7,5,2,4,4,3,6,2,1,3,7,3,4,3,4,5,4,2,5,4,4,4,4,2,9,,4,5,5,,,,,,,,,,,,,,,,,,,,,,,,,,,,,,,,,,,,,,,,,,,,,,,,,,,,,,,,,,,,,,,,,,,,
Number of drying cycles,,,4,4,3,3,1,5,4,2,4,5,2,4,4,3,3,5,3,3,7,5,4,5,2,1,4,3,2,1,1,3,3,3,6,4,4,4,2,2,3,2,2,2,2,3,2,2,0,3,3,2,3,0,1,3,3,3,5,5,3,2,4,3,4,2,4,3,4,3,2,3,3,2,4,0,4,3,2,2,2,5,3,4,4,5,8,8,9,6,5,6,2,3,4,4,5,5,5,4,4,5,5,2,1,4,5,6,5,4,6,6,6,6,5,6,6,7,8,7,4,3,3,2,2,2,7,6,4,5,6,6,6,6,3,6,5,6,7,5,2,4,4,3,5,3,1,3,7,4,3,3,4,6,5,2,5,3,5,4,5,2,9,,4,4,4,,,,,,,,,,,,,,,,,,,,,,,,,,,,,,,,,,,,,,,,,,,,,,,,,,,,,,,,,,,,,,,,,,,,
,,,,,,,,,,,,,,,,,,,,,,,,,,,,,,,,,,,,,,,,,,,,,,,,,,,,,,,,,,,,,,,,,,,,,,,,,,,,,,,,,,,,,,,,,,,,,,,,,,,,,,,,,,,,,,,,,,,,,,,,,,,,,,,,,,,,,,,,,,,,,,,,,,,,,,,,,,,,,,,,,,,,,,,,,,,,,,,,,,,,,,,,,,,,,,,,,,,,,,,,,,,,,,,,,,,,,,,,,,,,,,,,,,,,,,,,,,,
,,Март 2023,Март 2024,Март 2025,Апрель 2023,Апрель 2024,Апрель 2025,,,,,,,,,,,,,,,,,,,,,,,,,,,,,,,,,,,,,,,,,,,,,,,,,,,,,,,,,,,,,,,,,,,,,,,,,,,,,,,,,,,,,,,,,,,,,,,,,,,,,,,,,,,,,,,,,,,,,,,,,,,,,,,,,,,,,,,,,,,,,,,,,,,,,,,,,,,,,,,,,,,,,,,,,,,,,,,,,,,,,,,,,,,,,,,,,,,,,,,,,,,,,,,,,,,,,,,,,,,,,,,,,,,,
,Загрузка,69%,73%,67%,78%,55%,92%,,,,,,,,,,,,,,,,,,,,,,,,,,,,,,,,,,,,,,,,,,,,,,,,,,,,,,,,,,,,,,,,,,,,,,,,,,,,,,,,,,,,,,,,,,,,,,,,,,,,,,,,,,,,,,,,,,,,,,,,,,,,,,,,,,,,,,,,,,,,,,,,,,,,,,,,,,,,,,,,,,,,,,,,,,,,,,,,,,,,,,,,,,,,,,,,,,,,,,,,,,,,,,,,,,,,,,,,,,,,,,,,,,,,
,Расход,54,50,46,49,35,30,,,,,,,,,,,,,,,,,,,,,,,,,,,,,,,,,,,,,,,,,,,,,,,,,,,,,,,,,,,,,,,,,,,,,,,,,,,,,,,,,,,,,,,,,,,,,,,,,,,,,,,,,,,,,,,,,,,,,,,,,,,,,,,,,,,,,,,,,,,,,,,,,,,,,,,,,,,,,,,,,,,,,,,,,,,,,,,,,,,,,,,,,,,,,,,,,,,,,,,,,,,,,,,,,,,,,,,,,,,,,,,,,,,,
,Los,1.82,2.07,2.07,2.02,1.62,3.03,,,,,,,,,,,,,,,,,,,,,,,,,,,,,,,,,,,,,,,,,,,,,,,,,,,,,,,,,,,,,,,,,,,,,,,,,,,,,,,,,,,,,,,,,,,,,,,,,,,,,,,,,,,,,,,,,,,,,,,,,,,,,,,,,,,,,,,,,,,,,,,,,,,,,,,,,,,,,,,,,,,,,,,,,,,,,,,,,,,,,,,,,,,,,,,,,,,,,,,,,,,,,,,,,,,,,,,,,,,,,,,,,,,,
,,,,,,,,,,,,,,,,,,,,,,,,,,,,,,,,,,,,,,,,,,,,,,,,,,,,,,,,,,,,,,,,,,,,,,,,,,,,,,,,,,,,,,,,,,,,,,,,,,,,,,,,,,,,,,,,,,,,,,,,,,,,,,,,,,,,,,,,,,,,,,,,,,,,,,,,,,,,,,,,,,,,,,,,,,,,,,,,,,,,,,,,,,,,,,,,,,,,,,,,,,,,,,,,,,,,,,,,,,,,,,,,,,,,,,,,,,,
,1.,Влияет ли на расход котнтоль радиаторов?,,,,,,,,,,,,,,,,,,,,,,,,,,,,,,,,,,,,,,,,,,,,,,,,,,,,,,,,,,,,,,,,,,,,,,,,,,,,,,,,,,,,,,,,,,,,,,,,,,,,,,,,,,,,,,,,,,,,,,,,,,,,,,,,,,,,,,,,,,,,,,,,,,,,,,,,,,,,,,,,,,,,,,,,,,,,,,,,,,,,,,,,,,,,,,,,,,,,,,,,,,,,,,,,,,,,,,,,,,,,,,,,,,,,,,,,,
,2.,Кто урпавляет системой Home Assistant?,,,,,,,,,,,,,,,,,,,,,,,,,,,,,,,,,,,,,,,,,,,,,,,,,,,,,,,,,,,,,,,,,,,,,,,,,,,,,,,,,,,,,,,,,,,,,,,,,,,,,,,,,,,,,,,,,,,,,,,,,,,,,,,,,,,,,,,,,,,,,,,,,,,,,,,,,,,,,,,,,,,,,,,,,,,,,,,,,,,,,,,,,,,,,,,,,,,,,,,,,,,,,,,,,,,,,,,,,,,,,,,,,,,,,,,,,
,3. ,Сценарии отопления (обновить инфо),,,,,,,,,,,,,,,,,,,,,,,,,,,,,,,,,,,,,,,,,,,,,,,,,,,,,,,,,,,,,,,,,,,,,,,,,,,,,,,,,,,,,,,,,,,,,,,,,,,,,,,,,,,,,,,,,,,,,,,,,,,,,,,,,,,,,,,,,,,,,,,,,,,,,,,,,,,,,,,,,,,,,,,,,,,,,,,,,,,,,,,,,,,,,,,,,,,,,,,,,,,,,,,,,,,,,,,,,,,,,,,,,,,,,,,,,
,4.,Влияет ли на потребление если снижать температуру при выездах и потом снова обогревать?,,,,,,,,,,,,,,,,,,,,,,,,,,,,,,,,,,,,,,,,,,,,,,,,,,,,,,,,,,,,,,,,,,,,,,,,,,,,,,,,,,,,,,,,,,,,,,,,,,,,,,,,,,,,,,,,,,,,,,,,,,,,,,,,,,,,,,,,,,,,,,,,,,,,,,,,,,,,,,,,,,,,,,,,,,,,,,,,,,,,,,,,,,,,,,,,,,,,,,,,,,,,,,,,,,,,,,,,,,,,,,,,,,,,,,,,,
,5.,Можно ли разделить счетчики на отопление и горячую воду?,,,,,,,,,,,,,,,,,,,,,,,,,,,,,,,,,,,,,,,,,,,,,,,,,,,,,,,,,,,,,,,,,,,,,,,,,,,,,,,,,,,,,,,,,,,,,,,,,,,,,,,,,,,,,,,,,,,,,,,,,,,,,,,,,,,,,,,,,,,,,,,,,,,,,,,,,,,,,,,,,,,,,,,,,,,,,,,,,,,,,,,,,,,,,,,,,,,,,,,,,,,,,,,,,,,,,,,,,,,,,,,,,,,,,,,,,
,6.,Привязаны ли датчики к погодным условиям?,,,,,,,,,,,,,,,,,,,,,,,,,,,,,,,,,,,,,,,,,,,,,,,,,,,,,,,,,,,,,,,,,,,,,,,,,,,,,,,,,,,,,,,,,,,,,,,,,,,,,,,,,,,,,,,,,,,,,,,,,,,,,,,,,,,,,,,,,,,,,,,,,,,,,,,,,,,,,,,,,,,,,,,,,,,,,,,,,,,,,,,,,,,,,,,,,,,,,,,,,,,,,,,,,,,,,,,,,,,,,,,,,,,,,,,,,